date,asset,direction,entry,stop,target,exit,size,pnl_gbp,r_multiple,outcome,bars_held,risk_reward,confidence,zone_type,rationale
2025-04-07 11:55,Gold,short,3181.0,3220.7321,2925.4,3220.7321,5.0337,-200.0,-1.0,loss,343,6.43,2,fvg,Short entry at 3181.00. Confluence factors:   • price at premium zone (>50% of range) — overbought area   • price inside open gap zone (FVG) — gap-fill entry   • CCI > +100 confirms deep premium (commodity-specific) Stop loss placed at 3220.73 (at structural swing extreme). Profit target 2925.40 (prior swing high/low). Risk/reward: 6.4:1. Position sized to risk 2% of account equity (£200).
2025-04-21 11:40,Gold,short,3563.4,3565.4714,3496.0,3565.4714,47.3103,-98.0,-1.0,loss,2,32.54,2,fvg,Short entry at 3563.40. Confluence factors:   • price at premium zone (>50% of range) — overbought area   • price inside open gap zone (FVG) — gap-fill entry Stop loss placed at 3565.47 (at structural swing extreme). Profit target 3496.00 (prior swing high/low). Risk/reward: 32.5:1. Position sized to risk 2% of account equity (£200).
2025-08-06 14:15,Gold,short,3499.3,3509.1107,3431.2,3509.1107,4.9446,-48.51,-1.0,loss,54,6.94,2,fvg,Short entry at 3499.30. Confluence factors:   • price at premium zone (>50% of range) — overbought area   • price inside open gap zone (FVG) — gap-fill entry Stop loss placed at 3509.11 (at structural swing extreme). Profit target 3431.20 (prior swing high/low). Risk/reward: 6.9:1. Position sized to risk 2% of account equity (£200).
2025-08-12 15:05,Gold,short,3465.9,3471.9857,3452.8714,3471.9857,7.9313,-48.27,-1.0,loss,3,2.14,2,fvg,Short entry at 3465.90. Confluence factors:   • price at premium zone (>50% of range) — overbought area   • price inside open gap zone (FVG) — gap-fill entry Stop loss placed at 3471.99 (at structural swing extreme). Profit target 3452.87 (prior swing high/low). Risk/reward: 2.1:1. Position sized to risk 2% of account equity (£200).
2025-08-13 14:35,Gold,short,3492.9,3493.8857,3489.5,3489.5,48.7221,165.66,3.45,win,2,3.45,3,fvg,Short entry at 3492.90. Confluence factors:   • price at premium zone (>50% of range) — overbought area   • price inside open gap zone (FVG) — gap-fill entry   • RSI > 60 confirms overbought/premium conditions Stop loss placed at 3493.89 (at structural swing extreme). Profit target 3489.50 (prior swing high/low). Risk/reward: 3.4:1. Position sized to risk 2% of account equity (£200).
2025-08-20 13:30,Gold,short,3460.3,3461.7286,3442.1,3461.7286,136.7923,-195.42,-1.0,loss,5,12.74,3,fvg,Short entry at 3460.30. Confluence factors:   • price at premium zone (>50% of range) — overbought area   • price inside open gap zone (FVG) — gap-fill entry   • RSI > 60 confirms overbought/premium conditions Stop loss placed at 3461.73 (at structural swing extreme). Profit target 3442.10 (prior swing high/low). Risk/reward: 12.7:1. Position sized to risk 2% of account equity (£200).
2025-08-21 13:30,Gold,short,3461.4,3462.1321,3459.8,3459.8,130.7868,209.26,2.19,win,3,2.19,3,fvg,Short entry at 3461.40. Confluence factors:   • price at premium zone (>50% of range) — overbought area   • price inside open gap zone (FVG) — gap-fill entry   • RSI > 60 confirms overbought/premium conditions Stop loss placed at 3462.13 (at structural swing extreme). Profit target 3459.80 (prior swing high/low). Risk/reward: 2.2:1. Position sized to risk 2% of account equity (£200).
2025-08-21 14:10,Gold,short,3462.5,3463.2143,3459.8,3463.2143,273.9721,-195.69,-1.0,loss,4,3.78,2,fvg,Short entry at 3462.50. Confluence factors:   • price at premium zone (>50% of range) — overbought area   • price inside open gap zone (FVG) — gap-fill entry Stop loss placed at 3463.21 (at structural swing extreme). Profit target 3459.80 (prior swing high/low). Risk/reward: 3.8:1. Position sized to risk 2% of account equity (£200).
2025-08-22 13:35,Gold,short,3449.4,3450.8429,3445.7,3450.8429,66.4586,-95.89,-1.0,loss,3,2.56,3,fvg,Short entry at 3449.40. Confluence factors:   • price at premium zone (>50% of range) — overbought area   • price inside open gap zone (FVG) — gap-fill entry   • RSI > 60 confirms overbought/premium conditions   • CCI > +100 confirms deep premium (commodity-specific) Stop loss placed at 3450.84 (at structural swing extreme). Profit target 3445.70 (prior swing high/low). Risk/reward: 2.6:1. Position sized to risk 2% of account equity (£200).
2025-08-25 13:50,Gold,short,3489.9,3491.5893,3486.3,3491.5893,28.0981,-47.47,-1.0,loss,2,2.13,3,fvg,Short entry at 3489.90. Confluence factors:   • price at premium zone (>50% of range) — overbought area   • price inside open gap zone (FVG) — gap-fill entry   • RSI > 60 confirms overbought/premium conditions   • CCI > +100 confirms deep premium (commodity-specific) Stop loss placed at 3491.59 (at structural swing extreme). Profit target 3486.30 (prior swing high/low). Risk/reward: 2.1:1. Position sized to risk 2% of account equity (£200).
2025-08-29 09:05,Gold,short,3546.9,3548.3786,3541.1,3548.3786,31.9419,-47.23,-1.0,loss,41,3.92,2,fvg,Short entry at 3546.90. Confluence factors:   • price at premium zone (>50% of range) — overbought area   • price inside open gap zone (FVG) — gap-fill entry Stop loss placed at 3548.38 (at structural swing extreme). Profit target 3541.10 (prior swing high/low). Risk/reward: 3.9:1. Position sized to risk 2% of account equity (£200).
2025-09-01 08:40,Gold,short,3625.3,3626.1929,3618.0,3618.0,52.6313,384.21,8.18,win,11,8.18,2,fvg,Short entry at 3625.30. Confluence factors:   • price at premium zone (>50% of range) — overbought area   • price inside open gap zone (FVG) — gap-fill entry   • CCI > +100 confirms deep premium (commodity-specific) Stop loss placed at 3626.19 (at structural swing extreme). Profit target 3618.00 (prior swing high/low). Risk/reward: 8.2:1. Position sized to risk 2% of account equity (£200).
2025-09-02 08:35,Gold,short,3625.3,3627.65,3615.6,3627.65,83.2566,-195.65,-1.0,loss,19,4.13,2,fvg,Short entry at 3625.30. Confluence factors:   • price at premium zone (>50% of range) — overbought area   • price inside open gap zone (FVG) — gap-fill entry Stop loss placed at 3627.65 (at structural swing extreme). Profit target 3615.60 (prior swing high/low). Risk/reward: 4.1:1. Position sized to risk 2% of account equity (£200).
2025-09-03 14:40,Gold,short,3705.6,3709.4429,3697.6,3709.4429,24.9476,-95.87,-1.0,loss,10,2.08,2,fvg,Short entry at 3705.60. Confluence factors:   • price at premium zone (>50% of range) — overbought area   • price inside open gap zone (FVG) — gap-fill entry   • CCI > +100 confirms deep premium (commodity-specific) Stop loss placed at 3709.44 (at structural swing extreme). Profit target 3697.60 (prior swing high/low). Risk/reward: 2.1:1. Position sized to risk 2% of account equity (£200).
2025-09-04 15:40,Gold,short,3688.8,3692.9929,3671.9,3692.9929,11.3182,-47.46,-1.0,loss,112,4.03,3,fvg,Short entry at 3688.80. Confluence factors:   • price at premium zone (>50% of range) — overbought area   • price inside open gap zone (FVG) — gap-fill entry   • RSI > 60 confirms overbought/premium conditions   • CCI > +100 confirms deep premium (commodity-specific) Stop loss placed at 3692.99 (at structural swing extreme). Profit target 3671.90 (prior swing high/low). Risk/reward: 4.0:1. Position sized to risk 2% of account equity (£200).
2025-09-05 14:15,Gold,short,3729.0,3731.4857,3723.5,3723.5,18.9959,104.48,2.21,win,3,2.21,3,fvg,Short entry at 3729.00. Confluence factors:   • price at premium zone (>50% of range) — overbought area   • price inside open gap zone (FVG) — gap-fill entry   • RSI > 60 confirms overbought/premium conditions Stop loss placed at 3731.49 (at structural swing extreme). Profit target 3723.50 (prior swing high/low). Risk/reward: 2.2:1. Position sized to risk 2% of account equity (£200).
2025-09-05 15:45,Gold,short,3728.8,3730.7071,3723.5,3730.7071,100.1304,-190.96,-1.0,loss,4,2.78,2,fvg,Short entry at 3728.80. Confluence factors:   • price at premium zone (>50% of range) — overbought area   • price inside open gap zone (FVG) — gap-fill entry Stop loss placed at 3730.71 (at structural swing extreme). Profit target 3723.50 (prior swing high/low). Risk/reward: 2.8:1. Position sized to risk 2% of account equity (£200).
2025-09-16 13:50,Gold,short,3811.2,3813.175,3805.4,3813.175,47.3781,-93.57,-1.0,loss,4,2.94,3,fvg,Short entry at 3811.20. Confluence factors:   • price at premium zone (>50% of range) — overbought area   • price inside open gap zone (FVG) — gap-fill entry   • RSI > 60 confirms overbought/premium conditions   • CCI > +100 confirms deep premium (commodity-specific) Stop loss placed at 3813.18 (at structural swing extreme). Profit target 3805.40 (prior swing high/low). Risk/reward: 2.9:1. Position sized to risk 2% of account equity (£200).
2025-09-17 09:15,Gold,short,3785.0,3785.4786,3783.2,3783.2,96.784,174.21,3.76,win,10,3.76,3,fvg,Short entry at 3785.00. Confluence factors:   • price at premium zone (>50% of range) — overbought area   • price inside open gap zone (FVG) — gap-fill entry   • RSI > 60 confirms overbought/premium conditions   • CCI > +100 confirms deep premium (commodity-specific) Stop loss placed at 3785.48 (at structural swing extreme). Profit target 3783.20 (prior swing high/low). Risk/reward: 3.8:1. Position sized to risk 2% of account equity (£200).
2025-09-17 14:30,Gold,short,3798.1,3799.4464,3795.4,3799.4464,140.1905,-188.76,-1.0,loss,2,2.01,2,fvg,Short entry at 3798.10. Confluence factors:   • price at premium zone (>50% of range) — overbought area   • price inside open gap zone (FVG) — gap-fill entry   • CCI > +100 confirms deep premium (commodity-specific) Stop loss placed at 3799.45 (at structural swing extreme). Profit target 3795.40 (prior swing high/low). Risk/reward: 2.0:1. Position sized to risk 2% of account equity (£200).
2025-09-25 08:30,Gold,short,3868.9,3869.6357,3859.7,3869.6357,125.7155,-92.49,-1.0,loss,15,12.5,2,fvg,Short entry at 3868.90. Confluence factors:   • price at premium zone (>50% of range) — overbought area   • price inside open gap zone (FVG) — gap-fill entry Stop loss placed at 3869.64 (at structural swing extreme). Profit target 3859.70 (prior swing high/low). Risk/reward: 12.5:1. Position sized to risk 2% of account equity (£200).
2025-09-26 11:15,Gold,short,3861.5,3862.2429,3859.7,3862.2429,61.6308,-45.78,-1.0,loss,8,2.42,2,fvg,Short entry at 3861.50. Confluence factors:   • price at premium zone (>50% of range) — overbought area   • price inside open gap zone (FVG) — gap-fill entry Stop loss placed at 3862.24 (at structural swing extreme). Profit target 3859.70 (prior swing high/low). Risk/reward: 2.4:1. Position sized to risk 2% of account equity (£200).
2025-10-02 10:00,Gold,short,3989.6,3990.0786,3988.0,3990.0786,95.1874,-45.55,-1.0,loss,3,3.34,3,fvg,Short entry at 3989.60. Confluence factors:   • price at premium zone (>50% of range) — overbought area   • price inside open gap zone (FVG) — gap-fill entry   • RSI > 60 confirms overbought/premium conditions Stop loss placed at 3990.08 (at structural swing extreme). Profit target 3988.00 (prior swing high/low). Risk/reward: 3.3:1. Position sized to risk 2% of account equity (£200).
2025-10-03 10:50,Gold,short,3972.9,3973.9571,3968.6,3968.6,42.8761,184.37,4.07,win,8,4.07,4,fvg,Short entry at 3972.90. Confluence factors:   • price at premium zone (>50% of range) — overbought area   • price inside open gap zone (FVG) — gap-fill entry   • false breakout pattern confirmed — buy-side liquidity swept then reversed   • RSI > 60 confirms overbought/premium conditions Stop loss placed at 3973.96 (at structural swing extreme). Profit target 3968.60 (prior swing high/low). Risk/reward: 4.1:1. Position sized to risk 2% of account equity (£200).
2025-10-03 11:50,Gold,short,3972.5,3974.0286,3969.0,3974.0286,121.0229,-184.99,-1.0,loss,8,2.29,2,fvg,Short entry at 3972.50. Confluence factors:   • price at premium zone (>50% of range) — overbought area   • price inside open gap zone (FVG) — gap-fill entry Stop loss placed at 3974.03 (at structural swing extreme). Profit target 3969.00 (prior swing high/low). Risk/reward: 2.3:1. Position sized to risk 2% of account equity (£200).
2025-10-06 10:20,Gold,short,4052.9,4054.825,4048.9,4048.9,47.0889,188.36,2.08,win,13,2.08,3,fvg,Short entry at 4052.90. Confluence factors:   • price at premium zone (>50% of range) — overbought area   • price inside open gap zone (FVG) — gap-fill entry   • RSI > 60 confirms overbought/premium conditions   • CCI > +100 confirms deep premium (commodity-specific) Stop loss placed at 4054.82 (at structural swing extreme). Profit target 4048.90 (prior swing high/low). Risk/reward: 2.1:1. Position sized to risk 2% of account equity (£200).
2025-10-06 15:25,Gold,short,4063.0,4067.2071,4052.9,4067.2071,43.987,-185.06,-1.0,loss,3,2.4,3,fvg,Short entry at 4063.00. Confluence factors:   • price at premium zone (>50% of range) — overbought area   • price inside open gap zone (FVG) — gap-fill entry   • false breakout pattern confirmed — buy-side liquidity swept then reversed Stop loss placed at 4067.21 (at structural swing extreme). Profit target 4052.90 (prior swing high/low). Risk/reward: 2.4:1. Position sized to risk 2% of account equity (£200).
2025-10-13 13:40,Gold,short,4200.1,4204.0607,4183.1,4204.0607,22.8946,-90.68,-1.0,loss,2,4.29,3,fvg,Short entry at 4200.10. Confluence factors:   • price at premium zone (>50% of range) — overbought area   • price inside open gap zone (FVG) — gap-fill entry   • RSI > 60 confirms overbought/premium conditions   • CCI > +100 confirms deep premium (commodity-specific) Stop loss placed at 4204.06 (at structural swing extreme). Profit target 4183.10 (prior swing high/low). Risk/reward: 4.3:1. Position sized to risk 2% of account equity (£200).
2025-10-14 13:40,Gold,short,4235.0,4240.1714,4220.5,4240.1714,8.6796,-44.89,-1.0,loss,6,2.8,2,fvg,Short entry at 4235.00. Confluence factors:   • price at premium zone (>50% of range) — overbought area   • price inside open gap zone (FVG) — gap-fill entry Stop loss placed at 4240.17 (at structural swing extreme). Profit target 4220.50 (prior swing high/low). Risk/reward: 2.8:1. Position sized to risk 2% of account equity (£200).
2025-10-15 13:30,Gold,short,4306.4,4316.4071,4286.0,4316.4071,4.463,-44.66,-1.0,loss,9,2.04,3,fvg,Short entry at 4306.40. Confluence factors:   • price at premium zone (>50% of range) — overbought area   • price inside open gap zone (FVG) — gap-fill entry Stop loss placed at 4316.41 (at structural swing extreme). Profit target 4286.00 (prior swing high/low). Risk/reward: 2.0:1. Position sized to risk 2% of account equity (£200). Post-news ICT displacement entry.
2025-10-20 08:30,Gold,short,4369.1,4369.3679,4360.1,4369.3679,165.9034,-44.44,-1.0,loss,1,33.6,2,fvg,Short entry at 4369.10. Confluence factors:   • price at premium zone (>50% of range) — overbought area   • price inside open gap zone (FVG) — gap-fill entry Stop loss placed at 4369.37 (at structural swing extreme). Profit target 4360.10 (prior swing high/low). Risk/reward: 33.6:1. Position sized to risk 2% of account equity (£200).
2025-10-21 09:40,Gold,short,4377.7,4384.2643,4357.5,4357.5,6.7359,136.06,3.08,win,30,3.08,3,fvg,Short entry at 4377.70. Confluence factors:   • price at premium zone (>50% of range) — overbought area   • price inside open gap zone (FVG) — gap-fill entry   • RSI > 60 confirms overbought/premium conditions Stop loss placed at 4384.26 (at structural swing extreme). Profit target 4357.50 (prior swing high/low). Risk/reward: 3.1:1. Position sized to risk 2% of account equity (£200).
2025-10-28 15:30,Gold,short,4063.8,4071.6714,4036.4,4071.6714,22.8149,-179.59,-1.0,loss,22,3.48,2,fvg,Short entry at 4063.80. Confluence factors:   • price at premium zone (>50% of range) — overbought area   • price inside open gap zone (FVG) — gap-fill entry   • CCI > +100 confirms deep premium (commodity-specific) Stop loss placed at 4071.67 (at structural swing extreme). Profit target 4036.40 (prior swing high/low). Risk/reward: 3.5:1. Position sized to risk 2% of account equity (£200).
2025-10-29 11:20,Gold,short,4127.0,4129.1143,4119.8,4119.8,41.6203,299.67,3.41,win,6,3.41,3,fvg,Short entry at 4127.00. Confluence factors:   • price at premium zone (>50% of range) — overbought area   • price inside open gap zone (FVG) — gap-fill entry   • RSI > 60 confirms overbought/premium conditions Stop loss placed at 4129.11 (at structural swing extreme). Profit target 4119.80 (prior swing high/low). Risk/reward: 3.4:1. Position sized to risk 2% of account equity (£200).
2025-10-30 10:15,Gold,short,4099.3,4106.1107,4085.0,4085.0,26.7208,382.11,2.1,win,23,2.1,2,fvg,Short entry at 4099.30. Confluence factors:   • price at premium zone (>50% of range) — overbought area   • price inside open gap zone (FVG) — gap-fill entry Stop loss placed at 4106.11 (at structural swing extreme). Profit target 4085.00 (prior swing high/low). Risk/reward: 2.1:1. Position sized to risk 2% of account equity (£200).
2025-10-30 13:55,Gold,short,4098.0,4101.075,4085.0,4101.075,61.6683,-189.63,-1.0,loss,2,4.23,3,fvg,Short entry at 4098.00. Confluence factors:   • price at premium zone (>50% of range) — overbought area   • price inside open gap zone (FVG) — gap-fill entry   • RSI > 60 confirms overbought/premium conditions   • CCI > +100 confirms deep premium (commodity-specific) Stop loss placed at 4101.07 (at structural swing extreme). Profit target 4085.00 (prior swing high/low). Risk/reward: 4.2:1. Position sized to risk 2% of account equity (£200).
2025-11-04 10:15,Gold,short,4099.2,4100.7214,4083.4,4083.4,61.0733,964.96,10.38,win,40,10.38,2,fvg,Short entry at 4099.20. Confluence factors:   • price at premium zone (>50% of range) — overbought area   • price inside open gap zone (FVG) — gap-fill entry Stop loss placed at 4100.72 (at structural swing extreme). Profit target 4083.40 (prior swing high/low). Risk/reward: 10.4:1. Position sized to risk 2% of account equity (£200).
2025-11-11 08:30,Gold,short,4236.2,4237.0607,4232.3,4232.3,238.3329,929.5,4.53,win,1,4.53,3,fvg,Short entry at 4236.20. Confluence factors:   • price at premium zone (>50% of range) — overbought area   • price inside open gap zone (FVG) — gap-fill entry   • RSI > 60 confirms overbought/premium conditions   • CCI > +100 confirms deep premium (commodity-specific) Stop loss placed at 4237.06 (at structural swing extreme). Profit target 4232.30 (prior swing high/low). Risk/reward: 4.5:1. Position sized to risk 2% of account equity (£200).
2025-11-12 14:05,Gold,short,4235.6,4237.3,4232.0,4232.0,131.6038,473.77,2.12,win,5,2.12,2,fvg,Short entry at 4235.60. Confluence factors:   • price at premium zone (>50% of range) — overbought area   • price inside open gap zone (FVG) — gap-fill entry Stop loss placed at 4237.30 (at structural swing extreme). Profit target 4232.00 (prior swing high/low). Risk/reward: 2.1:1. Position sized to risk 2% of account equity (£200).
2025-11-12 15:05,Gold,short,4242.4,4245.1214,4235.6,4245.1214,85.691,-233.2,-1.0,loss,1,2.5,3,fvg,Short entry at 4242.40. Confluence factors:   • price at premium zone (>50% of range) — overbought area   • price inside open gap zone (FVG) — gap-fill entry   • RSI > 60 confirms overbought/premium conditions   • CCI > +100 confirms deep premium (commodity-specific) Stop loss placed at 4245.12 (at structural swing extreme). Profit target 4235.60 (prior swing high/low). Risk/reward: 2.5:1. Position sized to risk 2% of account equity (£200).
2025-11-13 16:00,Gold,short,4308.5,4320.9143,4280.3,4280.3,9.2046,259.57,2.27,win,30,2.27,3,fvg,Short entry at 4308.50. Confluence factors:   • price at premium zone (>50% of range) — overbought area   • price inside open gap zone (FVG) — gap-fill entry   • RSI > 60 confirms overbought/premium conditions Stop loss placed at 4320.91 (at structural swing extreme). Profit target 4280.30 (prior swing high/low). Risk/reward: 2.3:1. Position sized to risk 2% of account equity (£200).
2025-11-14 14:55,Gold,short,4172.2,4179.5929,4156.9,4179.5929,31.6156,-233.73,-1.0,loss,10,2.07,4,fvg,Short entry at 4172.20. Confluence factors:   • price at premium zone (>50% of range) — overbought area   • price inside open gap zone (FVG) — gap-fill entry   • false breakout pattern confirmed — buy-side liquidity swept then reversed   • RSI > 60 confirms overbought/premium conditions   • CCI > +100 confirms deep premium (commodity-specific) Stop loss placed at 4179.59 (at structural swing extreme). Profit target 4156.90 (prior swing high/low). Risk/reward: 2.1:1. Position sized to risk 2% of account equity (£200).
2025-11-17 14:40,Gold,short,4168.4,4179.9071,4133.7,4133.7,9.9527,345.36,3.02,win,59,3.02,2,fvg,Short entry at 4168.40. Confluence factors:   • price at premium zone (>50% of range) — overbought area   • price inside open gap zone (FVG) — gap-fill entry Stop loss placed at 4179.91 (at structural swing extreme). Profit target 4133.70 (prior swing high/low). Risk/reward: 3.0:1. Position sized to risk 2% of account equity (£200).
2025-11-18 13:40,Gold,short,4158.8,4162.15,4143.8,4162.15,70.4364,-235.96,-1.0,loss,1,4.48,2,fvg,Short entry at 4158.80. Confluence factors:   • price at premium zone (>50% of range) — overbought area   • price inside open gap zone (FVG) — gap-fill entry   • CCI > +100 confirms deep premium (commodity-specific) Stop loss placed at 4162.15 (at structural swing extreme). Profit target 4143.80 (prior swing high/low). Risk/reward: 4.5:1. Position sized to risk 2% of account equity (£200).
2025-11-19 09:40,Gold,short,4188.9,4193.6179,4178.3,4193.6179,24.5072,-115.62,-1.0,loss,1,2.25,3,fvg,Short entry at 4188.90. Confluence factors:   • price at premium zone (>50% of range) — overbought area   • price inside open gap zone (FVG) — gap-fill entry   • RSI > 60 confirms overbought/premium conditions   • CCI > +100 confirms deep premium (commodity-specific) Stop loss placed at 4193.62 (at structural swing extreme). Profit target 4178.30 (prior swing high/low). Risk/reward: 2.2:1. Position sized to risk 2% of account equity (£200).
2025-11-19 14:00,Gold,short,4211.3,4212.4679,4178.3,4212.4679,49.0065,-57.23,-1.0,loss,8,28.26,2,fvg,Short entry at 4211.30. Confluence factors:   • price at premium zone (>50% of range) — overbought area   • price inside open gap zone (FVG) — gap-fill entry Stop loss placed at 4212.47 (at structural swing extreme). Profit target 4178.30 (prior swing high/low). Risk/reward: 28.3:1. Position sized to risk 2% of account equity (£200).
2025-11-25 09:10,Gold,short,4221.1,4224.2893,4211.5,4224.2893,17.8555,-56.95,-1.0,loss,11,3.01,2,fvg,Short entry at 4221.10. Confluence factors:   • price at premium zone (>50% of range) — overbought area   • price inside open gap zone (FVG) — gap-fill entry Stop loss placed at 4224.29 (at structural swing extreme). Profit target 4211.50 (prior swing high/low). Risk/reward: 3.0:1. Position sized to risk 2% of account equity (£200).
2025-11-26 10:00,Gold,short,4258.6,4259.9821,4255.0,4259.9821,40.9955,-56.66,-1.0,loss,18,2.6,2,fvg,Short entry at 4258.60. Confluence factors:   • price at premium zone (>50% of range) — overbought area   • price inside open gap zone (FVG) — gap-fill entry Stop loss placed at 4259.98 (at structural swing extreme). Profit target 4255.00 (prior swing high/low). Risk/reward: 2.6:1. Position sized to risk 2% of account equity (£200).
2025-11-27 09:50,Gold,short,4251.6,4253.1964,4247.4,4247.4,35.3153,148.32,2.63,win,4,2.63,2,fvg,Short entry at 4251.60. Confluence factors:   • price at premium zone (>50% of range) — overbought area   • price inside open gap zone (FVG) — gap-fill entry Stop loss placed at 4253.20 (at structural swing extreme). Profit target 4247.40 (prior swing high/low). Risk/reward: 2.6:1. Position sized to risk 2% of account equity (£200).
2025-11-27 11:35,Gold,short,4252.1,4252.6821,4247.4,4247.4,392.4809,1844.66,8.07,win,40,8.07,2,fvg,Short entry at 4252.10. Confluence factors:   • price at premium zone (>50% of range) — overbought area   • price inside open gap zone (FVG) — gap-fill entry   • CCI > +100 confirms deep premium (commodity-specific) Stop loss placed at 4252.68 (at structural swing extreme). Profit target 4247.40 (prior swing high/low). Risk/reward: 8.1:1. Position sized to risk 2% of account equity (£200).
2025-11-27 15:25,Gold,short,4251.5,4252.7857,4247.4,4247.4,206.4014,846.25,3.19,win,9,3.19,3,fvg,Short entry at 4251.50. Confluence factors:   • price at premium zone (>50% of range) — overbought area   • price inside open gap zone (FVG) — gap-fill entry   • RSI > 60 confirms overbought/premium conditions   • CCI > +100 confirms deep premium (commodity-specific) Stop loss placed at 4252.79 (at structural swing extreme). Profit target 4247.40 (prior swing high/low). Risk/reward: 3.2:1. Position sized to risk 2% of account equity (£200).
2025-12-02 13:30,Gold,short,4298.0,4298.3179,4277.0,4298.3179,888.1288,-282.3,-1.0,loss,8,66.07,2,fvg,Short entry at 4298.00. Confluence factors:   • price at premium zone (>50% of range) — overbought area   • price inside open gap zone (FVG) — gap-fill entry Stop loss placed at 4298.32 (at structural swing extreme). Profit target 4277.00 (prior swing high/low). Risk/reward: 66.1:1. Position sized to risk 2% of account equity (£200).
2025-12-03 13:30,Gold,short,4311.6,4315.3857,4303.4,4315.3857,36.539,-138.33,-1.0,loss,3,2.17,2,fvg,Short entry at 4311.60. Confluence factors:   • price at premium zone (>50% of range) — overbought area   • price inside open gap zone (FVG) — gap-fill entry   • CCI > +100 confirms deep premium (commodity-specific) Stop loss placed at 4315.39 (at structural swing extreme). Profit target 4303.40 (prior swing high/low). Risk/reward: 2.2:1. Position sized to risk 2% of account equity (£200).
2025-12-10 14:00,Gold,short,4294.4,4295.6393,4289.0,4295.6393,55.2507,-68.47,-1.0,loss,3,4.36,5,fvg,Short entry at 4294.40. Confluence factors:   • price at premium zone (>50% of range) — overbought area   • price inside open gap zone (FVG) — gap-fill entry   • false breakout pattern confirmed — buy-side liquidity swept then reversed   • RSI > 60 confirms overbought/premium conditions   • CCI > +100 confirms deep premium (commodity-specific) Stop loss placed at 4295.64 (at structural swing extreme). Profit target 4289.00 (prior swing high/low). Risk/reward: 4.4:1. Position sized to risk 2% of account equity (£200). Post-news ICT displacement entry.
2025-12-11 14:10,Gold,short,4317.4,4320.2036,4310.0,4320.2036,24.3008,-68.13,-1.0,loss,2,2.64,3,fvg,Short entry at 4317.40. Confluence factors:   • price at premium zone (>50% of range) — overbought area   • price inside open gap zone (FVG) — gap-fill entry   • RSI > 60 confirms overbought/premium conditions   • CCI > +100 confirms deep premium (commodity-specific) Stop loss placed at 4320.20 (at structural swing extreme). Profit target 4310.00 (prior swing high/low). Risk/reward: 2.6:1. Position sized to risk 2% of account equity (£200).
2025-12-16 08:55,Gold,short,4376.2,4377.6857,4372.0,4372.0,45.6268,191.63,2.83,win,10,2.83,2,fvg,Short entry at 4376.20. Confluence factors:   • price at premium zone (>50% of range) — overbought area   • price inside open gap zone (FVG) — gap-fill entry Stop loss placed at 4377.69 (at structural swing extreme). Profit target 4372.00 (prior swing high/low). Risk/reward: 2.8:1. Position sized to risk 2% of account equity (£200).
2025-12-16 15:30,Gold,short,4424.0,4428.0964,4407.8,4407.8,67.1283,1087.48,3.95,win,9,3.95,2,fvg,Short entry at 4424.00. Confluence factors:   • price at premium zone (>50% of range) — overbought area   • price inside open gap zone (FVG) — gap-fill entry Stop loss placed at 4428.10 (at structural swing extreme). Profit target 4407.80 (prior swing high/low). Risk/reward: 4.0:1. Position sized to risk 2% of account equity (£200).
2025-12-17 10:10,Gold,short,4410.2,4410.5286,4409.0,4410.5286,903.109,-296.74,-1.0,loss,2,3.65,3,fvg,Short entry at 4410.20. Confluence factors:   • price at premium zone (>50% of range) — overbought area   • price inside open gap zone (FVG) — gap-fill entry   • RSI > 60 confirms overbought/premium conditions Stop loss placed at 4410.53 (at structural swing extreme). Profit target 4409.00 (prior swing high/low). Risk/reward: 3.7:1. Position sized to risk 2% of account equity (£200).
2025-12-18 13:40,Gold,short,4431.0,4432.0,4427.2,4432.0,145.4005,-145.4,-1.0,loss,1,3.8,3,fvg,Short entry at 4431.00. Confluence factors:   • price at premium zone (>50% of range) — overbought area   • price inside open gap zone (FVG) — gap-fill entry   • RSI > 60 confirms overbought/premium conditions   • CCI > +100 confirms deep premium (commodity-specific) Stop loss placed at 4432.00 (at structural swing extreme). Profit target 4427.20 (prior swing high/low). Risk/reward: 3.8:1. Position sized to risk 2% of account equity (£200).
2025-12-26 14:00,Gold,short,4627.2,4629.8679,4616.5,4629.8679,26.9779,-71.97,-1.0,loss,5,4.01,3,fvg,Short entry at 4627.20. Confluence factors:   • price at premium zone (>50% of range) — overbought area   • price inside open gap zone (FVG) — gap-fill entry   • RSI > 60 confirms overbought/premium conditions   • CCI > +100 confirms deep premium (commodity-specific) Stop loss placed at 4629.87 (at structural swing extreme). Profit target 4616.50 (prior swing high/low). Risk/reward: 4.0:1. Position sized to risk 2% of account equity (£200).
2025-12-26 15:05,Gold,short,4625.4,4628.0393,4616.5,4628.0393,27.1336,-71.61,-1.0,loss,3,3.37,2,fvg,Short entry at 4625.40. Confluence factors:   • price at premium zone (>50% of range) — overbought area   • price inside open gap zone (FVG) — gap-fill entry Stop loss placed at 4628.04 (at structural swing extreme). Profit target 4616.50 (prior swing high/low). Risk/reward: 3.4:1. Position sized to risk 2% of account equity (£200).
2025-12-31 13:50,Gold,short,4417.4,4421.1071,4409.7,4421.1071,19.2211,-71.26,-1.0,loss,1,2.08,3,fvg,Short entry at 4417.40. Confluence factors:   • price at premium zone (>50% of range) — overbought area   • price inside open gap zone (FVG) — gap-fill entry   • RSI > 60 confirms overbought/premium conditions   • CCI > +100 confirms deep premium (commodity-specific) Stop loss placed at 4421.11 (at structural swing extreme). Profit target 4409.70 (prior swing high/low). Risk/reward: 2.1:1. Position sized to risk 2% of account equity (£200).
2026-01-05 13:40,Gold,short,4488.0,4491.8643,4472.3,4491.8643,18.3473,-70.9,-1.0,loss,4,4.06,2,fvg,Short entry at 4488.00. Confluence factors:   • price at premium zone (>50% of range) — overbought area   • price inside open gap zone (FVG) — gap-fill entry Stop loss placed at 4491.86 (at structural swing extreme). Profit target 4472.30 (prior swing high/low). Risk/reward: 4.1:1. Position sized to risk 2% of account equity (£200).
2026-01-05 16:00,Gold,short,4523.8,4527.5786,4516.0,4516.0,18.6696,145.62,2.06,win,1,2.06,2,fvg,Short entry at 4523.80. Confluence factors:   • price at premium zone (>50% of range) — overbought area   • price inside open gap zone (FVG) — gap-fill entry Stop loss placed at 4527.58 (at structural swing extreme). Profit target 4516.00 (prior swing high/low). Risk/reward: 2.1:1. Position sized to risk 2% of account equity (£200).
2026-01-06 13:50,Gold,short,4538.2,4539.1679,4532.6,4539.1679,294.5587,-285.09,-1.0,loss,1,5.79,3,fvg,Short entry at 4538.20. Confluence factors:   • price at premium zone (>50% of range) — overbought area   • price inside open gap zone (FVG) — gap-fill entry   • RSI > 60 confirms overbought/premium conditions Stop loss placed at 4539.17 (at structural swing extreme). Profit target 4532.60 (prior swing high/low). Risk/reward: 5.8:1. Position sized to risk 2% of account equity (£200).
2026-01-08 15:15,Gold,short,4523.9,4527.2464,4511.5,4527.2464,41.7443,-139.69,-1.0,loss,5,3.71,3,fvg,Short entry at 4523.90. Confluence factors:   • price at premium zone (>50% of range) — overbought area   • price inside open gap zone (FVG) — gap-fill entry   • RSI > 60 confirms overbought/premium conditions   • CCI > +100 confirms deep premium (commodity-specific) Stop loss placed at 4527.25 (at structural swing extreme). Profit target 4511.50 (prior swing high/low). Risk/reward: 3.7:1. Position sized to risk 2% of account equity (£200).
2026-01-13 11:50,Gold,short,4664.9,4667.5893,4654.5,4667.5893,25.7127,-69.15,-1.0,loss,13,3.87,3,fvg,Short entry at 4664.90. Confluence factors:   • price at premium zone (>50% of range) — overbought area   • price inside open gap zone (FVG) — gap-fill entry   • RSI > 60 confirms overbought/premium conditions   • CCI > +100 confirms deep premium (commodity-specific) Stop loss placed at 4667.59 (at structural swing extreme). Profit target 4654.50 (prior swing high/low). Risk/reward: 3.9:1. Position sized to risk 2% of account equity (£200).
2026-01-14 15:55,Gold,short,4694.0,4698.4821,4683.0,4698.4821,15.3505,-68.8,-1.0,loss,6,2.45,2,fvg,Short entry at 4694.00. Confluence factors:   • price at premium zone (>50% of range) — overbought area   • price inside open gap zone (FVG) — gap-fill entry Stop loss placed at 4698.48 (at structural swing extreme). Profit target 4683.00 (prior swing high/low). Risk/reward: 2.5:1. Position sized to risk 2% of account equity (£200).
2026-01-15 10:45,Gold,short,4691.3,4695.3821,4681.3,4681.3,16.7704,167.7,2.45,win,31,2.45,3,fvg,Short entry at 4691.30. Confluence factors:   • price at premium zone (>50% of range) — overbought area   • price inside open gap zone (FVG) — gap-fill entry   • RSI > 60 confirms overbought/premium conditions   • CCI > +100 confirms deep premium (commodity-specific) Stop loss placed at 4695.38 (at structural swing extreme). Profit target 4681.30 (prior swing high/low). Risk/reward: 2.4:1. Position sized to risk 2% of account equity (£200).
2026-01-16 11:50,Gold,short,4685.9,4687.375,4682.8,4682.8,187.9255,582.57,2.1,win,6,2.1,3,fvg,Short entry at 4685.90. Confluence factors:   • price at premium zone (>50% of range) — overbought area   • price inside open gap zone (FVG) — gap-fill entry   • RSI > 60 confirms overbought/premium conditions   • CCI > +100 confirms deep premium (commodity-specific) Stop loss placed at 4687.38 (at structural swing extreme). Profit target 4682.80 (prior swing high/low). Risk/reward: 2.1:1. Position sized to risk 2% of account equity (£200).
2026-01-20 13:30,Gold,short,4799.4,4801.4893,4789.9,4801.4893,138.2489,-288.84,-1.0,loss,1,4.55,2,fvg,Short entry at 4799.40. Confluence factors:   • price at premium zone (>50% of range) — overbought area   • price inside open gap zone (FVG) — gap-fill entry Stop loss placed at 4801.49 (at structural swing extreme). Profit target 4789.90 (prior swing high/low). Risk/reward: 4.5:1. Position sized to risk 2% of account equity (£200).
2026-01-20 15:00,Gold,short,4822.0,4827.8964,4807.6,4807.6,24.0031,345.64,2.44,win,4,2.44,3,ob,Short entry at 4822.00. Confluence factors:   • price at premium zone (>50% of range) — overbought area   • price at historical supply zone (Order Block)   • RSI > 60 confirms overbought/premium conditions Stop loss placed at 4827.90 (at structural swing extreme). Profit target 4807.60 (prior swing high/low). Risk/reward: 2.4:1. Position sized to risk 2% of account equity (£200).
2026-01-26 08:35,Gold,short,5172.2,5175.9571,5162.5,5162.5,77.1803,748.65,2.58,win,3,2.58,2,fvg,Short entry at 5172.20. Confluence factors:   • price at premium zone (>50% of range) — overbought area   • price inside open gap zone (FVG) — gap-fill entry   • CCI > +100 confirms deep premium (commodity-specific) Stop loss placed at 5175.96 (at structural swing extreme). Profit target 5162.50 (prior swing high/low). Risk/reward: 2.6:1. Position sized to risk 2% of account equity (£200).
2026-01-28 08:50,Gold,short,5368.4,5374.7071,5355.2,5355.2,48.35,638.22,2.09,win,5,2.09,2,fvg,Short entry at 5368.40. Confluence factors:   • price at premium zone (>50% of range) — overbought area   • price inside open gap zone (FVG) — gap-fill entry Stop loss placed at 5374.71 (at structural swing extreme). Profit target 5355.20 (prior swing high/low). Risk/reward: 2.1:1. Position sized to risk 2% of account equity (£200).
2026-02-02 11:35,Gold,short,4836.8,4852.4286,4790.0,4852.4286,20.3291,-317.71,-1.0,loss,13,2.99,4,ob,Short entry at 4836.80. Confluence factors:   • price at premium zone (>50% of range) — overbought area   • price at historical supply zone (Order Block)   • false breakout pattern confirmed — buy-side liquidity swept then reversed   • RSI > 60 confirms overbought/premium conditions   • CCI > +100 confirms deep premium (commodity-specific) Stop loss placed at 4852.43 (at structural swing extreme). Profit target 4790.00 (prior swing high/low). Risk/reward: 3.0:1. Position sized to risk 2% of account equity (£200).
2026-02-03 11:30,Gold,short,4971.0,4979.0536,4948.8,4979.0536,19.3306,-155.68,-1.0,loss,6,2.76,2,fvg,Short entry at 4971.00. Confluence factors:   • price at premium zone (>50% of range) — overbought area   • price inside open gap zone (FVG) — gap-fill entry Stop loss placed at 4979.05 (at structural swing extreme). Profit target 4948.80 (prior swing high/low). Risk/reward: 2.8:1. Position sized to risk 2% of account equity (£200).
2026-02-04 11:35,Gold,short,5100.2,5106.5786,5074.5,5106.5786,12.0813,-77.06,-1.0,loss,4,4.03,2,fvg,Short entry at 5100.20. Confluence factors:   • price at premium zone (>50% of range) — overbought area   • price inside open gap zone (FVG) — gap-fill entry Stop loss placed at 5106.58 (at structural swing extreme). Profit target 5074.50 (prior swing high/low). Risk/reward: 4.0:1. Position sized to risk 2% of account equity (£200).
2026-02-09 11:35,Gold,short,5064.8,5069.0679,5055.0,5069.0679,17.966,-76.68,-1.0,loss,3,2.3,3,fvg,Short entry at 5064.80. Confluence factors:   • price at premium zone (>50% of range) — overbought area   • price inside open gap zone (FVG) — gap-fill entry   • RSI > 60 confirms overbought/premium conditions Stop loss placed at 5069.07 (at structural swing extreme). Profit target 5055.00 (prior swing high/low). Risk/reward: 2.3:1. Position sized to risk 2% of account equity (£200).
2026-02-09 14:40,Gold,short,5096.8,5102.4607,5083.9,5083.9,13.4776,173.86,2.28,win,7,2.28,3,fvg,Short entry at 5096.80. Confluence factors:   • price at premium zone (>50% of range) — overbought area   • price inside open gap zone (FVG) — gap-fill entry   • RSI > 60 confirms overbought/premium conditions   • CCI > +100 confirms deep premium (commodity-specific) Stop loss placed at 5102.46 (at structural swing extreme). Profit target 5083.90 (prior swing high/low). Risk/reward: 2.3:1. Position sized to risk 2% of account equity (£200).
2026-02-17 14:05,Gold,short,4946.4,4972.0714,4893.2,4972.0714,12.0231,-308.65,-1.0,loss,147,2.07,2,fvg,Short entry at 4946.40. Confluence factors:   • price at premium zone (>50% of range) — overbought area   • price inside open gap zone (FVG) — gap-fill entry Stop loss placed at 4972.07 (at structural swing extreme). Profit target 4893.20 (prior swing high/low). Risk/reward: 2.1:1. Position sized to risk 2% of account equity (£200).
2026-02-23 09:20,Gold,short,5208.0,5211.4214,5200.0,5211.4214,44.2032,-151.24,-1.0,loss,8,2.34,3,fvg,Short entry at 5208.00. Confluence factors:   • price at premium zone (>50% of range) — overbought area   • price inside open gap zone (FVG) — gap-fill entry   • RSI > 60 confirms overbought/premium conditions   • CCI > +100 confirms deep premium (commodity-specific) Stop loss placed at 5211.42 (at structural swing extreme). Profit target 5200.00 (prior swing high/low). Risk/reward: 2.3:1. Position sized to risk 2% of account equity (£200).
2026-02-24 15:10,Gold,short,5195.0,5200.6571,5182.1,5200.6571,13.2333,-74.86,-1.0,loss,2,2.28,4,fvg+ob,Short entry at 5195.00. Confluence factors:   • price at premium zone (>50% of range) — overbought area   • price inside open gap zone (FVG) AND supply zone (OB) — highest confluence   • RSI > 60 confirms overbought/premium conditions Stop loss placed at 5200.66 (at structural swing extreme). Profit target 5182.10 (prior swing high/low). Risk/reward: 2.3:1. Position sized to risk 2% of account equity (£200).
2026-02-27 11:35,Gold,short,5236.1,5237.7893,5232.5,5237.7893,44.0947,-74.49,-1.0,loss,4,2.13,3,fvg,Short entry at 5236.10. Confluence factors:   • price at premium zone (>50% of range) — overbought area   • price inside open gap zone (FVG) — gap-fill entry   • RSI > 60 confirms overbought/premium conditions   • CCI > +100 confirms deep premium (commodity-specific) Stop loss placed at 5237.79 (at structural swing extreme). Profit target 5232.50 (prior swing high/low). Risk/reward: 2.1:1. Position sized to risk 2% of account equity (£200).
2026-02-27 12:00,Gold,short,5243.0,5244.8143,5238.3,5244.8143,40.8514,-74.12,-1.0,loss,1,2.59,3,fvg,Short entry at 5243.00. Confluence factors:   • price at premium zone (>50% of range) — overbought area   • price inside open gap zone (FVG) — gap-fill entry   • RSI > 60 confirms overbought/premium conditions   • CCI > +100 confirms deep premium (commodity-specific) Stop loss placed at 5244.81 (at structural swing extreme). Profit target 5238.30 (prior swing high/low). Risk/reward: 2.6:1. Position sized to risk 2% of account equity (£200).
2026-03-05 13:30,Gold,short,5174.1,5180.9536,5157.9,5180.9536,10.7602,-73.75,-1.0,loss,2,2.36,2,fvg,Short entry at 5174.10. Confluence factors:   • price at premium zone (>50% of range) — overbought area   • price inside open gap zone (FVG) — gap-fill entry Stop loss placed at 5180.95 (at structural swing extreme). Profit target 5157.90 (prior swing high/low). Risk/reward: 2.4:1. Position sized to risk 2% of account equity (£200).
2026-03-06 13:35,Gold,short,5171.0,5178.8214,5150.1,5150.1,9.3815,196.07,2.67,win,3,2.67,4,fvg,Short entry at 5171.00. Confluence factors:   • price at premium zone (>50% of range) — overbought area   • price inside open gap zone (FVG) — gap-fill entry   • RSI > 60 confirms overbought/premium conditions   • CCI > +100 confirms deep premium (commodity-specific) Stop loss placed at 5178.82 (at structural swing extreme). Profit target 5150.10 (prior swing high/low). Risk/reward: 2.7:1. Position sized to risk 2% of account equity (£200). Post-news ICT displacement entry.
2026-03-10 10:50,Gold,short,5223.0,5228.5464,5204.9,5228.5464,53.6253,-297.43,-1.0,loss,2,3.26,2,fvg,Short entry at 5223.00. Confluence factors:   • price at premium zone (>50% of range) — overbought area   • price inside open gap zone (FVG) — gap-fill entry Stop loss placed at 5228.55 (at structural swing extreme). Profit target 5204.90 (prior swing high/low). Risk/reward: 3.3:1. Position sized to risk 2% of account equity (£200).
2026-03-10 13:40,Gold,short,5262.5,5273.6857,5238.7,5238.7,13.0291,310.09,2.13,win,5,2.13,3,fvg,Short entry at 5262.50. Confluence factors:   • price at premium zone (>50% of range) — overbought area   • price inside open gap zone (FVG) — gap-fill entry   • RSI > 60 confirms overbought/premium conditions Stop loss placed at 5273.69 (at structural swing extreme). Profit target 5238.70 (prior swing high/low). Risk/reward: 2.1:1. Position sized to risk 2% of account equity (£200).
2026-03-13 09:50,Gold,short,5133.2,5135.7821,5127.8,5135.7821,115.2849,-297.68,-1.0,loss,5,2.09,3,fvg,Short entry at 5133.20. Confluence factors:   • price at premium zone (>50% of range) — overbought area   • price inside open gap zone (FVG) — gap-fill entry   • RSI > 60 confirms overbought/premium conditions Stop loss placed at 5135.78 (at structural swing extreme). Profit target 5127.80 (prior swing high/low). Risk/reward: 2.1:1. Position sized to risk 2% of account equity (£200).
2026-03-13 12:00,Gold,short,5157.4,5161.4321,5141.1,5161.4321,36.1754,-145.86,-1.0,loss,9,4.04,3,fvg,Short entry at 5157.40. Confluence factors:   • price at premium zone (>50% of range) — overbought area   • price inside open gap zone (FVG) — gap-fill entry   • RSI > 60 confirms overbought/premium conditions   • CCI > +100 confirms deep premium (commodity-specific) Stop loss placed at 5161.43 (at structural swing extreme). Profit target 5141.10 (prior swing high/low). Risk/reward: 4.0:1. Position sized to risk 2% of account equity (£200).
2026-03-16 11:20,Gold,short,5062.0,5065.8357,5048.3,5048.3,18.8238,257.89,3.57,win,6,3.57,4,fvg+ob,Short entry at 5062.00. Confluence factors:   • price at premium zone (>50% of range) — overbought area   • price inside open gap zone (FVG) AND supply zone (OB) — highest confluence   • RSI > 60 confirms overbought/premium conditions   • CCI > +100 confirms deep premium (commodity-specific) Stop loss placed at 5065.84 (at structural swing extreme). Profit target 5048.30 (prior swing high/low). Risk/reward: 3.6:1. Position sized to risk 2% of account equity (£200).
2026-03-18 15:05,Gold,short,4918.4,4925.7214,4901.0,4925.7214,40.1519,-293.97,-1.0,loss,21,2.38,2,fvg,Short entry at 4918.40. Confluence factors:   • price at premium zone (>50% of range) — overbought area   • price inside open gap zone (FVG) — gap-fill entry Stop loss placed at 4925.72 (at structural swing extreme). Profit target 4901.00 (prior swing high/low). Risk/reward: 2.4:1. Position sized to risk 2% of account equity (£200).
2026-03-23 09:25,Gold,short,4335.6,4348.4857,4307.5,4307.5,11.1786,314.12,2.18,win,2,2.18,4,fvg+ob,Short entry at 4335.60. Confluence factors:   • price at premium zone (>50% of range) — overbought area   • price inside open gap zone (FVG) AND supply zone (OB) — highest confluence   • RSI > 60 confirms overbought/premium conditions   • CCI > +100 confirms deep premium (commodity-specific) Stop loss placed at 4348.49 (at structural swing extreme). Profit target 4307.50 (prior swing high/low). Risk/reward: 2.2:1. Position sized to risk 2% of account equity (£200).
2026-03-24 14:30,Gold,short,4448.2,4458.4536,4423.1,4458.4536,28.7092,-294.37,-1.0,loss,4,2.45,4,fvg+ob,Short entry at 4448.20. Confluence factors:   • price at premium zone (>50% of range) — overbought area   • price inside open gap zone (FVG) AND supply zone (OB) — highest confluence   • RSI > 60 confirms overbought/premium conditions   • CCI > +100 confirms deep premium (commodity-specific) Stop loss placed at 4458.45 (at structural swing extreme). Profit target 4423.10 (prior swing high/low). Risk/reward: 2.4:1. Position sized to risk 2% of account equity (£200).
2026-03-25 11:05,Gold,short,4598.6,4601.6429,4592.0,4601.6429,47.4036,-144.24,-1.0,loss,3,2.17,3,fvg,Short entry at 4598.60. Confluence factors:   • price at premium zone (>50% of range) — overbought area   • price inside open gap zone (FVG) — gap-fill entry   • RSI > 60 confirms overbought/premium conditions   • CCI > +100 confirms deep premium (commodity-specific) Stop loss placed at 4601.64 (at structural swing extreme). Profit target 4592.00 (prior swing high/low). Risk/reward: 2.2:1. Position sized to risk 2% of account equity (£200).
2026-03-27 15:45,Gold,short,4564.1,4575.8571,4499.5,4499.5,6.0729,392.31,5.49,win,63,5.49,3,fvg,Short entry at 4564.10. Confluence factors:   • price at premium zone (>50% of range) — overbought area   • price inside open gap zone (FVG) — gap-fill entry   • RSI > 60 confirms overbought/premium conditions Stop loss placed at 4575.86 (at structural swing extreme). Profit target 4499.50 (prior swing high/low). Risk/reward: 5.5:1. Position sized to risk 2% of account equity (£200).
2026-03-30 15:30,Gold,short,4571.3,4578.0179,4554.5,4578.0179,43.6815,-293.45,-1.0,loss,1,2.5,3,fvg,Short entry at 4571.30. Confluence factors:   • price at premium zone (>50% of range) — overbought area   • price inside open gap zone (FVG) — gap-fill entry   • RSI > 60 confirms overbought/premium conditions Stop loss placed at 4578.02 (at structural swing extreme). Profit target 4554.50 (prior swing high/low). Risk/reward: 2.5:1. Position sized to risk 2% of account equity (£200).
2026-04-23 11:50,Gold,short,4731.4,4734.3786,4719.8,4734.3786,48.2743,-143.79,-1.0,loss,1,3.89,3,fvg,Short entry at 4731.40. Confluence factors:   • price at premium zone (>50% of range) — overbought area   • price inside open gap zone (FVG) — gap-fill entry   • RSI > 60 confirms overbought/premium conditions   • CCI > +100 confirms deep premium (commodity-specific) Stop loss placed at 4734.38 (at structural swing extreme). Profit target 4719.80 (prior swing high/low). Risk/reward: 3.9:1. Position sized to risk 2% of account equity (£200).
2026-04-29 19:05,Gold,short,4553.4,4562.0321,4539.1,4562.0321,8.2454,-71.18,-1.0,loss,1,1.66,3,fvg,Short entry at 4553.40. Confluence factors:   • price at premium zone (>50% of range) — overbought area   • price inside open gap zone (FVG) — gap-fill entry Stop loss placed at 4562.03 (at structural swing extreme). Profit target 4539.10 (prior swing high/low). Risk/reward: 1.7:1. Position sized to risk 2% of account equity (£200). Post-news ICT displacement entry.
2026-05-01 13:40,Gold,short,4619.1,4622.8107,4608.1,4622.8107,19.0851,-70.82,-1.0,loss,2,2.96,4,fvg,Short entry at 4619.10. Confluence factors:   • price at premium zone (>50% of range) — overbought area   • price inside open gap zone (FVG) — gap-fill entry   • RSI > 60 confirms overbought/premium conditions   • CCI > +100 confirms deep premium (commodity-specific) Stop loss placed at 4622.81 (at structural swing extreme). Profit target 4608.10 (prior swing high/low). Risk/reward: 3.0:1. Position sized to risk 2% of account equity (£200). Post-news ICT displacement entry.
2026-05-04 10:35,Gold,short,4571.5,4586.9179,4535.0,4586.9179,4.5704,-70.47,-1.0,loss,21,2.37,2,fvg,Short entry at 4571.50. Confluence factors:   • price at premium zone (>50% of range) — overbought area   • price inside open gap zone (FVG) — gap-fill entry Stop loss placed at 4586.92 (at structural swing extreme). Profit target 4535.00 (prior swing high/low). Risk/reward: 2.4:1. Position sized to risk 2% of account equity (£200).
2026-05-11 14:20,Gold,short,4743.4,4750.2929,4728.0,4728.0,10.1718,156.65,2.23,win,2,2.23,3,fvg,Short entry at 4743.40. Confluence factors:   • price at premium zone (>50% of range) — overbought area   • price inside open gap zone (FVG) — gap-fill entry   • RSI > 60 confirms overbought/premium conditions Stop loss placed at 4750.29 (at structural swing extreme). Profit target 4728.00 (prior swing high/low). Risk/reward: 2.2:1. Position sized to risk 2% of account equity (£200).
2026-05-12 15:35,Gold,short,4674.5,4680.0857,4655.1,4680.0857,50.7697,-283.58,-1.0,loss,7,3.47,2,fvg,Short entry at 4674.50. Confluence factors:   • price at premium zone (>50% of range) — overbought area   • price inside open gap zone (FVG) — gap-fill entry Stop loss placed at 4680.09 (at structural swing extreme). Profit target 4655.10 (prior swing high/low). Risk/reward: 3.5:1. Position sized to risk 2% of account equity (£200).
2026-05-14 13:45,Gold,short,4695.0,4700.5286,4676.0,4700.5286,25.1343,-138.96,-1.0,loss,6,3.44,2,fvg,Short entry at 4695.00. Confluence factors:   • price at premium zone (>50% of range) — overbought area   • price inside open gap zone (FVG) — gap-fill entry Stop loss placed at 4700.53 (at structural swing extreme). Profit target 4676.00 (prior swing high/low). Risk/reward: 3.4:1. Position sized to risk 2% of account equity (£200).
2026-05-19 14:00,Gold,short,4515.0,4526.8286,4483.5,4483.5,5.815,183.17,2.66,win,84,2.66,2,fvg,Short entry at 4515.00. Confluence factors:   • price at premium zone (>50% of range) — overbought area   • price inside open gap zone (FVG) — gap-fill entry Stop loss placed at 4526.83 (at structural swing extreme). Profit target 4483.50 (prior swing high/low). Risk/reward: 2.7:1. Position sized to risk 2% of account equity (£200).
2026-05-21 15:45,Gold,short,4511.8,4515.8643,4503.2,4515.8643,68.5969,-278.8,-1.0,loss,3,2.12,2,fvg,Short entry at 4511.80. Confluence factors:   • price at premium zone (>50% of range) — overbought area   • price inside open gap zone (FVG) — gap-fill entry Stop loss placed at 4515.86 (at structural swing extreme). Profit target 4503.20 (prior swing high/low). Risk/reward: 2.1:1. Position sized to risk 2% of account equity (£200).
